"Gene.ID","chromosome_name","start_position","end_position","Row.names","baseMean","log2FoldChange","lfcSE","stat","pvalue","padj","Gene.Name"
"ENSG00000124216","chr20",49982980,49988886,"ENSG00000124216",53.8864585141774,-4.15505528027351,0.454767651999297,-9.13665530520173,6.44136901261852e-20,3.2630058977558e-18,"SNAI1"
"ENSG00000154096","chr11",119415476,119424985,"ENSG00000154096",3146.01390083656,12.3719335390023,0.840616806648361,14.7176852058557,4.9636182934067e-49,1.10634539379769e-46,"THY1"
"ENSG00000166049","chrX",151563675,151676739,"ENSG00000166049",251.228544115509,11.075917995185,1.19214485921162,9.29074844353197,1.53207159131794e-20,8.57610303103498e-19,"PASD1"
"ENSG00000198879","chr10",7158624,7411488,"ENSG00000198879",260.22213715198,-11.8075339864908,1.20886180674478,-9.76748038577382,1.55265329717551e-22,1.03445525924319e-20,"SFMBT2"
